INDEX:11:<ulong>,close:11:<double>,close2:11:<ulong>
0,13731.70654,
1,13652.44631,
2,13634.6356,
3,13567.47794,
4,13534.40545,
5,13634.03615,5
6,13622.68511,6
7,13567.4479,7
8,13586.30945,8
9,2000.005,,
10,3000.005,,
